username,password,email,role,activated
admin,111,hemtest11@gmail.com,admin,True
Volunteer1,123456789,hemtest11@gmail.com,volunteer,True
Volunteer2,111,hemtest11@gmail.com,volunteer,True
Volunteer3,111,hemtest11@gmail.com,volunteer,True
Volunteer4,111,hemtest11@gmail.com,volunteer,True
Volunteer5,111,hemtest11@gmail.com,volunteer,True
Volunteer6,111,hemtest11@gmail.com,volunteer,True
Volunteer7,111,hemtest11@gmail.com,volunteer,True
Volunteer8,111,hemtest11@gmail.com.com,volunteer,True
Volunteer9,111,hemtest11@gmail.com,volunteer,True
Volunteer10,111,hemtest11@gmail.com,volunteer,True
Volunteer11,111,hemtest11@gmail.com,volunteer,True
Volunteer12,111,hemtest11@gmail.com,volunteer,True
Volunteer13,111,hemtest11@gmail.com,volunteer,True
Volunteer14,111,hemtest11@gmail.com,volunteer,True
Volunteer15,111,hemtest11@gmail.com,volunteer,True
Volunteer16,111,hemtest11@gmail.com,volunteer,True
Volunteer17,111,hemtest11@gmail.com,volunteer,True
Volunteer18,111,hemtest11@gmail.com,volunteer,True
Volunteer19,111,hemtest11@gmail.com,volunteer,True
Volunteer20,111,hemtest11@gmail.com,volunteer,True
Volunteer21,111,hemtest11@gmail.com,volunteer,True
Volunteer22,111,hemtest11@gmail.com,volunteer,True
Volunteer23,111,hemtest11@gmail.com,volunteer,True
Volunteer24,111,hemtest11@gmail.com,volunteer,True
Volunteer25,111,hemtest11@gmail.com,volunteer,True
Volunteer26,111,hemtest11@gmail.com,volunteer,True
Volunteer27,111,hemtest11@gmail.com,volunteer,True
Volunteer28,111,hemtest11@gmail.com,volunteer,True
Volunteer29,111,hemtest11@gmail.com,volunteer,True
Volunteer30,111,hemtest11@gmail.com,volunteer,True
Volunteer31,111,hemtest11@gmail.com,volunteer,True
Volunteer32,111,hemtest11@gmail.com,volunteer,True
Volunteer33,111,hemtest11@gmail.com,volunteer,True
Volunteer34,111,hemtest11@gmail.com,volunteer,True
Volunteer35,111,hemtest11@gmail.com,volunteer,True
Volunteer36,111,hemtest11@gmail.com,volunteer,True
Volunteer37,111,hemtest11@gmail.com,volunteer,True
Volunteer38,111,hemtest11@gmail.com,volunteer,True
Volunteer39,111,hemtest11@gmail.com,volunteer,True
Volunteer40,111,hemtest11@gmail.com,volunteer,True
Volunteer41,111,hemtest11@gmail.com,volunteer,True
Volunteer42,111,hemtest11@gmail.com,volunteer,True
Volunteer43,111,hemtest11@gmail.com,volunteer,True
